id;nome_arquivo;nome_original;extensao;criado_em;atualizado_em
1;esmeralda;Policial Regional;Mercearia dourado Feminino;2023-08-13T10:07:06;2023-08-13T01:57:10
2;Cadeira Pequeno Feminino;Sem Teclado;Suécia Fresco Travessa;2023-08-12T20:02:59;2023-08-13T01:44:39
3;Masculino;Jardim Branding;Aço;2023-08-13T08:45:17;2023-08-13T07:08:17
4;Camiseta Casa;Madeira Chapéu Roupas;dourado índigo;2023-08-13T10:37:33;2023-08-12T13:25:49
5;Atentende;Chefe;Chefe Macio Interno;2023-08-13T05:06:25;2023-08-12T20:34:54
6;Cliente Contas Incrível;voluptates;Pesquisar Cliente Cliente;2023-08-13T08:44:47;2023-08-12T18:40:41
7;aspernatur Líder;Plástico;Pizza;2023-08-13T12:02:00;2023-08-12T23:17:22
8;Desenvolvedor Ilhas;Feminino Lindo Beleza;Marfim Travessa Contas;2023-08-12T13:28:39;2023-08-13T03:46:29
9;Cliente;Sapatos;Cecília Operações Música;2023-08-13T01:46:35;2023-08-13T09:39:58
10;Luvas Suriname;beatae Feminino Líder;quod;2023-08-13T04:58:47;2023-08-13T10:22:40
